8	8
9	9
10	10
129	Test Bell
130	Test Bell AES
501	Tech RENIR
503	Tech RENIR
1080	3531
1100	DMUE
1101	2205
1102	2206
1103	2207
1104	2204
1105	2201
1106	2203
1107	22SQMTQ
1108	22SQAMB
1109	22FORM
1110	22SQSAAQ
1111	2202
1130	2208
1136	22TAC1
1137	22TAC2
1172	4102
1173	4101
1174	4103
1175	4110
1176	41SQMTQ
1177	41SQAMB
1178	41FORM
1179	41SQSAAQ
1191	41QG
1196	41TAC1
1230	21QG
1231	2101
1232	2102
1233	2103
1234	2111
1235	2104
1236	2107
1237	2105
1238	2106
1239	2109
1240	2108
1241	2110
1242	21SQMTQ
1244	21SQAMB
1245	21FORM
1246	21SQSAAQ
1271	21TAC1
1272	21TAC2
1311	4104
1312	4105
1313	SeptilesPortCartierHavre StPierre
1314	4107
1315	4111
1320	4108
1321	4109
1331	41TAC2
1345	Interop CCS
1349	SPU CAPITALE NATIONAL 1 
1352	SPU CAPITALE NATIONAL 3
1354	SPU CAPITALE NATIONAL 6
1375	Institue cardio et pneumo Quebec
1376	EnfantJesus
1377	SaintSacrement
1378	CHU Mere enfants quebec
1379	Hotel Dieu Quebec
1380	StFrancois dassise
1381	La Malbaie
1382	Baie StPaul
1383	Beaupre
1384	Portneufstraymond
1385	CLSC stmarc des carrieres
1392	Entraide SPU CapitaleSagenay
1444	Chicoutimi
1878	63DIR IT
2030	63DIR 1
2031	63DIR 2
2032	6306O 1
2033	6306O 2
2035	6307O 1
2036	6307O 2
2037	6307O 3
2039	6308O 1
2040	6308O 2
2042	6309O 1
2043	6309O 2
2044	6309O 3
2046	6506O 1
2047	6506O 2
2048	6506O 3
2050	6507O 1
2051	6507O 2
2053	6508O 1
2054	6508O 2
2056	6509O 1
2057	6509O 2
2059	6510O 1
2060	6510O 2
2100	64DIR 1
2101	64DIR 2
2102	6406O 1
2103	6406O 2
2104	6406O 3
2106	6407O 1
2107	6407O 2
2108	6407O 3
2109	64DIR IT
2110	6408O 1
2111	6408O 2
2112	6408O 3
2114	7006O 1
2115	7006O 2
2116	7006O 3
2118	7007O 1
2119	7007O 2
2120	7007O 3
2150	66DIR 1
2151	66DIR 2
2152	6606O 1
2153	6606O 2
2154	6606O 3
2156	6607O 1
2157	6607O 2
2158	66DIR IT
2159	6608O 1
2160	6608O 2
2161	6608O 3
2163	6609O 1
2164	6609O 2
2166	6610O 1
2167	6610O 2
2168	6610O 3
2170	6611O 1
2171	6611O 2
2200	67DIR 1
2201	67DIR 2
2202	6706O 1
2203	6706O 2
2204	6706O 3
2206	6707O 1
2207	6707O 2
2208	6707O 3
2209	67DIR IT
2210	6708O 1
2211	6708O 2
2212	6708O 3
2214	6709O 1
2215	6709O 2
2216	6709O 3
2250	68DIR 1
2251	68DIR 2
2252	6806O 1
2253	6806O 2
2254	6806O 3
2255	6806O 4
2257	6807O 1
2258	6807O 2
2259	6807O 3
2260	68DIR IT
2261	6903O 1
2262	6903O 2
2263	6903O 3
2265	6904O 1
2266	6904O 2
2267	6904O 3
2268	6904O 4
2300	71DIR 1
2301	71DIR 2
2302	7106O 1
2303	7106O 2
2304	7106O 3
2305	7106O 4
2307	7107O 1
2308	7107O 2
2309	7107O 3
2310	7107O 4
2311	7107O 5
2312	7107O 6
2313	7107O 7
2314	71DIR IT
2315	7108O 1
2316	7108O 2
2317	7108O 3
2319	71CIGC1
2320	71CIGC2
2321	71CIGC3
2322	71CIGC4
2323	71CIGC5
2340	41DLC IT
2341	41DLC 1
2351	Interop RENIR
2352	Interop RENIR
2353	Interop RENIR
2354	Interop RENIR
2355	Interop RENIR
2356	INTER 6
2357	INTER 7
2358	INTER 8
2359	INTER 9
2360	INTER 10
2361	INTER 11
2362	INTER 12
2363	INTER 13
2364	INTER 14
2693	Incendie Rimouski
5001	Societe quebecoise des infrastructures  Building Security
6501	SecCivile1 
6513	SecCivile2
6516	SecCivile3
6517	SecCivile4
6519	SecCivile5
7501	Operations
7502	Other
7503	Events
7505	Other
7507	Other
7576	Regional Hospital Emergency Room
7600	Gaspesie IDLM 
11003	Tech Telesignal SagLSJ
30100	3109
30101	MRC Des ChenauxMRC Mekinac
30102	Shawinigan
30103	MRC MaskinongeLouisevilleStBoniface
30104	BecancourNicoletAutoroutier Mauricie
30105	1207
30106	1206
30107	1205
30108	1208
30109	3307
30112	3110
30114	31ENPQ1
30115	31ENPQ2
30116	SQ Maintenance
30118	33TAC1
30119	33TAC2
30120	33FORM
30136	12TAC1
30153	33SQSAAQ
30154	42TAC2
30161	MRC ValStFrancoisMRC des sources
30162	MRC HautStFrancoisMRC Granit
30163	1201
30164	MemphremagogAutoroutier EstrieCoaticook
30166	1209
30168	12SQMTQ
30169	12SQAMB
30170	12FORM
30171	12SQSAAQ
30191	12TAC2
30220	QGDO
30221	1110
30222	MRC Matawinie
30223	MRC de Joliette
30224	MRC dAutray
30225	MRC Montcalm
30226	LachuteOka
30227	LesPaysdenhaut StSauveur
30228	RivieredunordPrevost
30229	Les Laurentides PrincipalSteAgathe
30230	Autoroutiers MontrealMetro
30231	Autoroutiers LaurentidesLanaudiere EST
30232	31SQMTQ
30233	Autoroutiers Du NordLaval
30234	SQAMB
30234	31SQAMB
30236	31FORM
30237	31SQSAAQ
30251	31TAC1
30252	32TAC2
30281	Autoroutiers Outaouais
30282	Pontiac Campbells bay
30283	MRC AntoineLabelle
30284	3208
30285	32SQMTQ
30286	SQAMB
30286	32SQAMB
30287	32FORM
30288	32SQSAAQ
30300	3209
30301	CCRTEST
30306	31TAC1
30331	4201
30332	4202
30333	4203
30334	4204
30335	4205
30336	42SQMTQ
30337	42SQAMB
30338	42FORM
30339	42SQSAAQ
30348	4206
30351	42TAC1
30381	VaudreuilSoulanges OuestStClet
30382	VaudreuilSoulanges EstVaudreuilDorion
30383	BeauharnoisSalaberrydeValleyfield
30384	Autoroutiers CartierChamplain
30385	MRC HautStLaurentMRC JardinsdeNapierville
30386	MRC HautRichelieuMRC Rouville
30387	Autoroutiers Monteregie Est
30388	MRC des Maskoutains
30389	MRC dacton
30390	MRC ValleeduRichelieuMRC PierredeSaurel
30391	Autoroutiers MonteregieOuest
30392	1109
30393	11SQMTQ
30394	33SQMTQ
30395	11SQAMB
30396	SQAMB
30396	33SQAMB
30397	11FORM
30398	11SQSAAQ
30409	QGDS
30411	11TAC1
30412	11TAC2
30441	DMUO
30461	PRTAC1
30462	PRTAC2
30463	PRTAC3
30464	PRTAC4
30465	PRTAC5
30466	PRTAC6
30467	PRTAC7
30468	PRTAC8
30486	PRGQG
30491	PRLOGIS
30496	00FORM
30508	3522
30509	3523
30510	3524
30526	PRFILET1
30527	PRFILET2
30593	A1 LLOPER1
30594	A2 LLOPER2
30595	A3 LLOPER3
30596	A4 LLOPER4
30597	A5 LLOPER5
30599	LL 1007 
30602	Interop Fire
30603	LLFCOKA
30604	LLFCKMS
30605	LLFCGREN
30606	LLFCDON
30607	LLFCMIC1
30608	LLFCMIC2
30609	LLFCLAN
30610	LLFCFERM
30611	LLFCPARC
30612	LLFCMAN
30613	LLFAC11
30614	LLFAC12
30615	LLFAC13
30616	LLFAC14
30617	LLFAC15
30618	LLFAC16
30619	StJerome
30620	SaintEustache
30621	CHLCT
30622	MontLaurier
30623	CH LANAUDIERE
30624	CHMLR
30625	CH LE GARDEUR
30626	CHRDL
30627	CLSC STMICHELDESSAINTS
30628	Hawksbury
30699	Event1
30700	Event2
30701	Interop SPU
30702	Interop SQ
30704	Nord ouest
30705	Metro SPU
30706	Tac
30721	Longueuil
30722	Beloeil StJean Farnham Lacolle Sorel
30723	Bedford Acton Vale Granby StHyacinthe Waterloo Cowansville
30724	Delson Chateauguay Valleyfield VaudreuilDorion Huntingdon
30725	Spare
30726	Spare
30727	Events  major operation
30728	Events  major operation
30729	Events  major operation
30741	MCQOPER1
30742	MCQOPER2
30743	MCQOPER3
30744	MCQOPER4
30745	MCQOPER5
30785	OUTOPER1
30786	OUTOPER2
30787	OUTOPER3
30788	OUTOPER4
30789	OUTOPER5
30790	OUTOPER6
30791	OUTEVEN7
30792	OUTEVEN8
30793	OUTEVEN9
30794	OUTTAC
30795	OUTFAC01
30796	OUTFAC02
30797	OUTFAC03
30798	OUTFAC04
30799	OUTFAC05
30800	OUTFAC06
30801	OUTFAC07
30802	OUTFAC08
30803	OUTFAC09
30804	OUTFAC10
30805	OUTFAC11
30806	OUTFAC12
30807	OUTFAC13
30808	OUTFAC14
30809	OUTFAC15
30810	OUTFAC16
30812	CHHULL
30813	CHGATI
30814	CHPAPI
30815	CHMANI
30816	CHSHAW
30817	CHWAKE
30818	CHSTAV
30819	CHMANF
30820	CHGOBST
30821	CHCHEO
30822	CHPEMB
31010	84DIR 1
31011	84DIR 2
31012	8406O 1
31013	8406O 2
31014	8406O 3
31016	8407O 1
31017	8407O 2
31018	8407O 3
31019	84DIR IT
31020	85CIGC1
31021	85CIGC2
31022	85CIGC3
31023	85CIGC4
31024	85CIGC5
31025	85CIGC6
31026	85CIGC7
31027	85CIGC8
31050	85DIR 1
31051	85DIR 2
31052	MTQ Montreal 8507O 1
31053	MTQ Nord Sud 8507O 2
31054	8507O 3
31055	Operations 8507O 4
31056	8507O 5
31058	85DIR IT
31100	86DIR 1
31101	86DIR 2
31102	8606O 1
31103	8606O 2
31104	8606O 3
31105	8606O 4
31107	8607O 1
31108	8607O 2
31109	8607O 3
31110	86DIR IT
31111	8608O 1
31112	8608O 2
31113	8608O 3
31150	87DIR 1
31151	87DIR 2
31152	8706O 1
31153	8706O 2
31154	8706O 3
31156	8707O 1
31157	8707O 2
31158	87DIR IT
31159	8708O 1
31160	8708O 2
31161	8708O 3
31163	8709O 1
31164	8709O 2
31165	8709O 3
31200	88DIR 1
31201	88DIR 2
31202	8806O 1
31203	8806O 2
31204	8806O 3
31205	8806O 4
31206	8806O 5
31207	8806O 6
31209	8807O 1
31210	8807O 2
31211	8807O 3
31212	88DIR IT
31213	8808O 1
31214	8808O 2
31215	8808O 3
31217	8809O 1
31218	8809O 2
31219	8809O 3
31220	8809O 4
31221	8809O 5
31222	8809O 6
31250	89DIR 1
31251	89DIR 2
31252	8907O 1
31253	8907O 2
31254	8907O 3
31255	8907O 4
31256	8907O 5
31257	8907O 6
31258	8907O 7
31259	8907O 8
31260	8907O 9
31261	8907O10
31263	89DIR IT
31300	90DIR 1
31301	90DIR 2
31302	9006O 1
31303	9006O 2
31305	9007O 1
31306	9007O 2
31307	90DIR IT
31308	9008O 1
31309	9008O 2
31310	9008O 3
31312	9009O 1
31313	9009O 2
31315	9010O 1
31316	9010O 2
31350	91DIR 1
31351	91DIR 2
31352	9106O 1
31353	9106O 2
31355	9107O 1
31356	9107O 2
31357	9107O 3
31358	91DIR IT
31359	9108O 1
31360	9108O 2
31361	9108O 3
31363	9109O 1
31364	9109O 2
31365	9109O 3
31367	9110O 1
31368	9110O 2
31369	9110O 3
31415	INTER 15
31416	INTER 16
31417	INTER 17
31418	INTER 18
31419	INTER 19
31420	INTER 20
31421	INTER 21
31422	INTER 22
31423	INTER 23
31424	INTER 24
31425	INTER 25
31426	INTER 26
31427	INTER 27
31428	INTER 28
31505	Ressource Naturelle 
31507	Ressource Naturelle 
31511	Abitibi Area Ressource Naturelles
35019	SecCivile6
35020	SecCivile7
35021	SecCivile8
35022	SecCivile9
35023	SecCivile10
35024	SecCivile11
35025	SecCivile12
35026	SecCivile13
